Continent,Country,City,Jan,Feb,Mar,Apr,May,Jun,Jul,Aug,Sep,Oct,Nov,Dec,Year,Ref.,Column1
Africa,Ivory Coast,Gagnoa,183,180,196,188,181,118,97,80,110,155,171,164,1823,,
Africa,Ivory Coast,Bouaké,242,224,219,194,208,145,104,82,115,170,191,198,2092,,
Africa,Ivory Coast,Abidjan,223,223,239,214,205,128,137,125,139,215,224,224,2296,,
Africa,Ivory Coast,Odienné,242,220.2,217.3,214.7,248.8,221.8,183.5,174.5,185.4,235.8,252,242.6, ,,
Africa,Ivory Coast,Ferké,279,249,253,229,251,221,183,151,173,245,261,262,2757,,
Africa,Benin,Cotonou,213.9,210,223.2,219,213.9,141,136.4,148.8,165,207.7,243,223.2,2345.2,,
Africa,Benin,Parakou,261,243,252,230,239,193,133,104,129,217,252,248,2501,,
Africa,Benin,Kandi,279,257.6,260.4,255,272.8,252,223.2,195.3,213,275.9,282,279,3045.2,,
Africa,Togo,Lomé,217.5,214,227.9,201.9,208.6,146,141.6,148.8,152.5,205.5,234,235.6,2333.9,,
Africa,Togo,Mango,285,254,270,241,261,219,168,131,161,273,284,279,2826,,
Africa,Ghana,Accra,217,226,217,210,217,150,155,155,180,217,240,248,2432,,
Africa,Ghana,Tamale,265.6,235.7,249.6,229,248,212,171.5,139,161,260.9,283,263.5,2718.7,,
Africa,Ghana,Kumasi,186.6,187.2,205.4,204,204.7,146.3,101.2,77,106.2,161.4,193.8,178,1951.8,,
Africa,Cameroon,Garoua,275,252.6,260.1,245.4,256.7,224.4,194,187.2,204.5,261.5,279.2,286.5,2927.1,,
Africa,Cameroon,N'Gaoundéré,286.4,258.7,235.4,195.5,195.4,165.7,128,127.8,139,184,264.1,291.4,2471.4,,
Africa,Cameroon,Douala,184,179,170,174,169,107,55,46,79,120,160,175,1618,,
Africa,Cameroon,Yaoundé,177,172,149,153,158,112,85,83,97,120,159,179,1644,,
Africa,Gabon,Libreville,175.2,176.8,176.9,176.8,159.5,130.6,119.2,90.4,95.9,112.9,134.6,167.8,1716.6,,
Africa,Gabon,Port-Gentil,150.4,160.8,154.5,151.5,147.8,156.3,163.1,135.3,125.7,116.1,115.1,147.2,1723.8,,
Africa,Nigeria,Lagos,164.3,169.5,173.6,180,176.7,114,99.2,108.5,114,167.4,186,192.2,1845.4,,
Africa,Nigeria,Makurdi,236,226,223,216,223,177,143,118,144,198,228,248,2380,,
Africa,Nigeria,Jos,307,274,260,220,208,201,151,127,171,242,294,313,2768,,
Africa,Nigeria,Kano,275,255,267,252,273,261,233,186,237,295,297,285,3114,,
Africa,Nigeria,Sokoto,279,269,282,255,279,282,229,208,243,307,297,288,3238,,
Africa,Sudan,Port Sudan,214,230,282,312,338,309,307,298,300,307,249,236,3382,,
Africa,Sudan,Khartoum,341,311,310,330,300,300,279,279,300,310,330,341,3737.1,,
Africa,Eritrea,Asmara,304.7,289.1,300.7,300.5,298.5,271.5,217.9,220.1,260.4,301,292.5,299.1,3361,,
Africa,Burkina Faso,Ouagadougou,287,263,264,256,277,264,240,223,217,273,288,284,3136,,
Africa,Burkina Faso,Ouahigouya,291,267,280,268,284,272,258,253,261,280,288,280,3282,,
Africa,Niger,Niamey,297.6,263.2,269.7,252,279,267,257.3,235.6,235.6,282.6,282,279,3203.2,,
Africa,Chad,N'Djamena,297.6,277.2,282.1,273,285.2,258,213.9,201.5,228,285.2,300,303.8,3205.5,,
Africa,Chad,Abéché,316.2,291.2,300.7,300,313.1,300,254.2,226.3,261,306.9,312,319.3,3500.9,,
Africa,Gambia,Banjul,279,282,310,300,310,270,186,186,180,248,240,279,3070,,
Africa,Senegal,Dakar,253,249,303,301,299,259,233,204,219,254,256,249,3078,,
Africa,Senegal,Thiès,267,260,325,332,324,276,226,188,221,267,271,257,3214,,
Africa,Somalia,Mogadishu,268,251,282,260,273,218,226,253,265,267,261,259,3082,,
Africa,Somalia,Buloburde,290,283,293,249,287,261,216,238,262,230,246,268,3124,,
Africa,Djibouti,Djibouti City,254,249,279,279,310,237,236,276,282,310,291,276,3279,,
Africa,Mali,Ségou,292,276,292,263,274,266,254,223,242,283,287,287,3239,,
Africa,Mali,Timbuktu,263.9,249.6,269.9,254.6,275.3,234.7,248.6,255.3,248.9,273,274,258.7,3106.5,,
Africa,Mali,Bamako,277.4,253,268.1,230.4,242.6,233.6,216.6,218.3,221.7,253.7,270.7,268.9,2954.1,,
Africa,Algeria,Algiers,149,165,202,258,319,318,350,319,237,229,165,136,2847,,
Africa,Algeria,Tamanrasset,297.6,275.5,322.4,327,328.6,306,356.5,331.7,288,310,285,272.8,3686,,
Africa,Tunisia,Tunis,145.7,165.3,198.4,225,282.1,309,356.5,328.6,258,217,174,148.8,2808.4,,
Africa,Tunisia,Gabes,220.1,215.6,251.1,267,313.1,321,372,353.4,279,260.4,228,210.8,3291.5,,
Africa,Morocco,Rabat,179.8,183.6,232.5,255,291.4,288,316.2,306.9,261,235.6,189,179.8,2918.8,,
Africa,Morocco,Marrakech,220.1,211.8,248,255,288.3,315,334.8,316.2,264,244.9,213,220.1,3131.2,,
Africa,Morocco,Ouarzazate,251.8,244.9,297.2,315.2,332.7,335,317.7,293.2,266.4,271.3,242.9,248.1,3416.4,,
Africa,Egypt,Alexandria,217,226.2,279,318,337.9,357,372,368.9,333,306.9,246,207.7,3579.5,,
Africa,Egypt,Cairo,229.4,234.9,279,306,331.7,363,372,356.5,318,294.5,246,210.8,3541.8,,
Africa,Egypt,Dakhla Oasis,294.5,279.7,316.2,315,356.5,366,384.4,375.1,336,328.6,300,291.4,3943.4,?,
Africa,Egypt,Hurghada,265.7,277.6,274.3,285.6,317.4,348,352.3,322.4,301.6,275.2,263.9,246.7,3530.7,?,
Africa,Egypt,Marsa Alam,279,283,310,330,372,390,403,372,330,310,300,279,3958,?,
Africa,Libya,Tripoli,206,214,237,250,315,312,376,352,271,244,212,198,3187,,
Africa,Libya,Benghazi,179.8,192,232.5,252,319.3,327,381.3,365.8,288,251.1,213,167.4,3169.2,,
Africa,Kenya,Mombasa,269.7,257.1,269.7,225,204.6,207,210.8,244.9,246,272.8,264,260.4,2932,,
Africa,Kenya,Nairobi,288.3,266,266.6,204,189.1,159,130.2,127.1,180,226.3,198,257.3,2491.9,,
Africa,Kenya,Garissa,251.1,235.2,263.5,273,282.1,255,254.2,257.3,270,279,252,241.8,3114.2,,
Africa,Kenya,Lodwar,319,280,282,279,307,297,279,310,321,316,282,310,3582,,
Africa,Angola,Luanda,219,208,213,199,233,223,175,150,145,164,199,212,2341,,
Africa,South Sudan,Juba,288.3,237.8,220.1,195,241.8,225,182.9,213.9,225,235.6,237,251.1,2753.5,,
Africa,South Sudan,Wau,300.7,269.7,260.4,228,254.2,237,176.7,192.2,210,229.4,267,303.8,2929.1,,
Africa,Tanzania,Dar-es-Salaam,251,241,217,156,192,231,251,242,243,254,270,287,2815,,
Africa,Tanzania,Zanzibar,251,243,213,180,210,220,235,253,254,270,250,259,2838,,
Africa,Tanzania,Tabora,216,218,219,227,283,303,310,297,312,301,240,217,3143,,
Africa,Tanzania,Dodoma,241.8,217.5,241.8,240,279,294,341,297.6,300,310,303,269.7,3335.4,,
Africa,Ethiopia,Mekelle,294.2,276.7,279.9,277.2,303.2,230.1,165.5,166.5,248.7,291.1,292.8,303.5,3129.4,,
Africa,Ethiopia,Addis Abeba,269.7,246.5,248,213,217,156,111.6,133.3,138,266.6,267,266.6,2440.3,,
Africa,Congo,Brazzaville,168,152,194,185,188,153,127,149,145,150,157,147,1915,,
Africa,Congo,Pointe-Noire,157,156,164,160,150,132,119,106,70,93,123,144,1574,,
Africa,Congo,Dolisie,153,164,159,152,151,136,119,105,91,116,128,133,1607,,
Africa,Democratic Republic of the Congo,Kinshasa,124,140,155,150,155,120,124,155,120,155,150,124,1672,,
Africa,Democratic Republic of the Congo,Lubumbashi,129,120,174,234,291,295,315,318,294,282,194,132,2778,,
Africa,Mauritania,Nouadhibou,271,248,300,295,315,303,275,281,261,260,257,264,3332,,
Africa,Mauritania,Nouakchott,267,250,302,311,320,284,271,265,266,263,268,267,3333,,
Africa,South Africa,Pretoria,261,235,254,246.6,283,271,289,296,284,275,254,272,3220,,
Africa,South Africa,Cape Town,337.9,297.4,292.9,233.5,205.3,175.4,193.1,212.1,224.7,277.7,309.8,334.2,3094,,
Africa,South Africa,Johannesburg,250.1,224.8,238.8,236.9,276,266.9,283.9,284.1,280.8,269.5,248.7,263.9,3124.4,,
Africa,South Africa,Bloemfontein,296.3,247.9,258.6,250.2,266,249.9,272.6,285.9,278,290.9,296.5,319.5,3312.3,,
Africa,South Africa,Upington,352.9,298.7,297.5,283.5,290.5,270.3,289.8,307.3,300.2,328.9,345.2,367,3731.8,,
Africa,South Africa,Durban,184,178.8,201.6,206.4,223.6,224.9,230.4,217,173.3,169.4,166.1,189.9,2365.4,,
Africa,Botswana,Maun,245,207,257,282,310,300,313,332,315,291,264,214,3330,,
Africa,Botswana,Gaborone,280.6,261.5,264.4,260.5,284.2,260,292.4,313.6,308.4,295.4,265.5,285.2,3371,,
Africa,Botswana,Ghanzi,295,280,313,282,316,306,316,319,305,279,300,267,3579,,
Africa,Zambia,Ndola,151.9,142.8,192.2,243,279,276,297.6,297.6,279,269.7,207,158.1,2793.9,,
Africa,Zambia,Lusaka,176.7,168,220.1,246,275.9,270,294.5,303.8,291,272.8,234,182.9,2935.7,,
Africa,Zambia,Livingstone,213.9,196,251.1,273,303.8,288,310,319.3,297,279,228,207.7,3166.8,,
Africa,Zimbabwe,Harare,217,190.4,232.5,249,269.7,264,279,300.7,294,285.2,231,198.4,3010.9,,
Africa,Zimbabwe,Bulawayo,244.9,212.8,251.1,252,279,267,288.3,300.7,288,272.8,237,226.3,3119.9,,
Africa,Malawi,Karonga,176.7,170.8,207.7,222,254.2,264,285.2,306.9,306,319.3,273,213.9,2999.7,,
Africa,Malawi,Blantyre,198.4,182,217,237,260.4,237,232.3,260.4,270,275.9,228,198.4,2797,,
Africa,Malawi,Mzuzu,145.7,142.1,164.3,171,217,219,238.5,275.9,288,300.7,252,176.7,2590.9,,
Africa,Madagascar,Fianarantsoa,191.1,171,175.4,184.8,186,165.9,163.5,191.1,220.5,230.4,208,190.1,2277.8,,
Africa,Madagascar,Toamasina,224.7,198.2,191,196.9,192.1,162.5,162.8,184.6,209.7,232.7,236,219.2,2410.4,,
Africa,Madagascar,Antananarivo,210.5,178,199.1,220.5,228.8,206.1,213.9,235,249.5,251,232.7,201.1,2626.2,,
Africa,Madagascar,Antsiranana,189.2,170,214.9,256.4,284.8,256.5,273.1,283.6,293.3,306.8,281.5,228.9,3039,,
Africa,Madagascar,Mahajanga,209,184.9,244.8,269.9,294.9,282.9,291.5,303.1,307,319.7,288.2,227.3,3223.2,,
Africa,Madagascar,Toliara,305,285,296,302,306,277,291,298,307,324,313,306,3610,,
Africa,Mozambique,Maputo,248,226,248,240,248,240,248,248,248,217,210,217,2838,,
Africa,Central African Republic,Bangui,217,196,186,180,186,180,124,124,150,155,180,217,2095,,
Africa,Central African Republic,Birao,289.6,275,270.6,248.1,255.7,216.9,190.7,186.5,210,267.2,290.3,297.4,2998,,
Africa,Uganda,Kampala,238,193,189,195,187,189,139,168,157,172,178,205,2210,,
Africa,Uganda,Entebbe,233,204,205,180,192,186,198,195,195,201,198,211,2398,,
Africa,Burundi,Bujumbura,167.4,158.2,176.7,165,210.8,255,272.8,251.1,213,189.1,150,164.3,2373.4,,
Africa,Guinea,Conakry,223,224,251,222,208,153,109,87,135,189,207,214,2222,,
Africa,Guinea,Kankan,262,236,249,220,234,216,169,159,191,221,241,260,2658,,
Africa,Guinea-Bissau,Bissau,248,226,279,270,248,210,186,155,180,217,240,248,2707,,
Africa,Equatorial Guinea,Bata,201.5,192.1,173.6,177,189.1,147,142.6,142.6,114,114.7,141,186,1921.2,,
Africa,Equatorial Guinea,Malabo,148.8,152.5,108.5,120,117.8,69,46.5,58.9,48,68.2,99,139.5,1176.7,,
Africa,Namibia,Keetmanshoop,353,300,312,306,304,287,305,323,319,343,348,348,3870,?,
Africa,Namibia,Windhoek,288,254,282,273,310,309,326,341,321,319,297,285,3605,?,
Asia,Afghanistan,Kabul,177.2,178.6,204.5,232.5,310.3,353.4,356.8,339.7,303.9,282.6,253.2,182.4,3175.1,?,
Asia,Azerbaijan,Baku,89.9,89,124,195,257.3,294,313.1,282.1,222,145.7,93,102.3,2207.4,?,
Asia,Bangladesh,Dhaka,279,226,217,180,155,90,62,62,90,186,240,279,2066,?,
Asia,China,Beijing,194.1,194.7,231.8,251.9,283.4,261.4,212.4,220.9,232.1,222.1,185.3,180.7,2670.8,?,
Asia,China,Chongqing,48,56,81,111,139,128,221,222,123,63,47,54,1293,?,
Asia,China,Fuzhou,101.6,79.2,89.1,111,114.4,141.9,225.6,199.2,153.7,144.2,120.3,126.9,1607.1,?,
Asia,China,Guangzhou,118.5,71.6,62.4,65.1,104,140.2,202,173.5,170.2,181.8,172.7,166,1628,?,
Asia,China,Hong Kong,143,94.2,90.8,101.7,140.4,146.1,212,188.9,172.3,193.9,180.1,172.2,1835.6,,
Asia,China,Lhasa,250.9,226.7,246.1,248.9,276.6,257.3,227.4,219.6,229,281.7,267.4,258.6,2990.2,,
Asia,China,Macau,127.4,79.4,71.5,85.3,136.4,155.3,223.2,195.4,176.5,192.3,172.2,159.1,1773.9,,
Asia,China,Nanjing,124.7,120.3,144.7,169.2,194.2,162.8,196.7,201.6,164,164.2,147.4,137.1,1926.9,,
Asia,China,Ningbo,123.7,108.4,121.7,142.4,156.7,147.8,243.8,238,171.5,166.5,143.4,146.1,1910,?,
Asia,China,Qingdao,186,180.8,220.1,222,244.9,219,182.9,223.2,219,220.1,189,182.9,2489.9,?,
Asia,China,Shanghai,114.3,119.9,128.5,148.5,169.8,130.9,190.8,185.7,167.5,161.4,131.1,127.4,1775.8,?,
Asia,China,Tianjin,170.1,170.2,202.4,223.8,249,226.9,206.4,204.4,205.3,196.1,163,157.6,2375.2,?,
Asia,China,Ürümqi,101.6,128.8,180.5,248,283.3,282.7,298.7,301,262.6,224.4,127.4,84.3,2523.3,,
Asia,China,Wuhan,101.9,97,121.8,152.8,181,170.9,220.2,226.4,175.8,151.9,139.3,126.5,1775.8,?,
Asia,China,Xiamen,133.3,88.3,89.6,105.6,132.6,163.8,234.6,211.6,178.9,188.4,163,163.5,1853.2,?,
Asia,India,Delhi,214.6,216.1,239.1,261,263.1,196.5,165.9,177,219,269.3,247.2,215.8,2684.6,,
Asia,India,Kolkata,203.9,201.2,225.8,235.4,227.1,123.1,93.1,104.9,116.2,182.6,190.8,203.4,2107.5,,
Asia,India,Mumbai,269.5,257.6,274.3,283.7,296.2,148.6,73.4,75.9,165.1,240.2,245.8,253.2,2583.5,,
Asia,India,Bangalore,262,248,271,257,241,137,112,114,144,173,190,212,2361,,
Asia,India,Chennai,232.5,240.1,291.4,294,300.7,234,142.6,189.1,195,257.3,261,210.8,2848.5,,
Asia,Indonesia,Denpasar,173.1,174,210.7,224.7,242.9,228.1,246.8,261.7,251.3,252.5,224.4,176.4,2666.6,,
Asia,Indonesia,Jakarta,189.1,180.8,238.7,255,260.4,255,282.1,294.5,300.7,279,231,217,2983.3,,
Asia,Indonesia,Makassar,155,168,186,240,248,241,270,298,300,305,280,158,2849,,
Asia,Indonesia,Medan,129.6,141,153.1,131.2,134.8,157.9,153.9,143.9,123.1,116.3,104.8,98.1,1587.7,,
Asia,Iran,Bandar Abbas,220.1,211.9,232.5,242.4,312.7,302.2,264.6,270.1,270.1,283.4,251.2,228.8,3090,,
Asia,Iran,Isfahan,205.3,213.3,242.1,244.5,301.3,345.4,347.6,331.2,311.6,276.5,226.1,207.6,3352.5,,
Asia,Iran,Mashhad,148.3,147.5,163.3,200.4,280.4,343.2,366.9,359.7,305.2,249.5,188.3,151.6,2904.3,,
Asia,Iran,Tabriz,125.9,146.3,179.7,200.8,268.7,334.3,352.5,337.7,301.4,231.6,180.3,136.8,1935.6,,
Asia,Iran,Tehran,137.2,151.1,186,219.1,279.8,328.7,336.6,336.8,300.5,246.8,169.4,134.1,2826.1,,
Asia,Iraq,Baghdad,192.2,203.3,244.9,255,300.7,348,347.2,353.4,315,272.8,213,195.3,3240.8,?,
Asia,Israel,Tel Aviv,192.2,200.1,235.6,270,328.6,357,368.9,356.5,300,279,234,189.1,3311,?,
Asia,Japan,Sapporo,92.5,104,146.6,176.5,198.4,187.8,164.9,171,160.5,152.3,100,85.9,1740.4,,
Asia,Japan,Sendai,148.1,151.8,177,188.5,185.2,133.8,119.5,144.4,121.2,148.6,139.6,138.6,1796.1,,
Asia,Japan,Tokyo,184.5,165.8,163.1,176.9,167.8,125.4,146.4,169,120.9,131,147.9,178,1876.7,?,
Asia,Japan,Kanazawa,63.5,84.1,141.3,185.5,202.3,152.6,158.9,221.5,144.1,150.4,104.1,72.5,1680.8,,
Asia,Japan,Nagoya,170.1,170,189.1,196.6,197.5,149.9,146.3,200.4,151,169,162.7,172.2,2091.6,,
Asia,Kazakhstan,Almaty,118,119,147,194,241,280,306,294,245,184,127,101,2356,,
Asia,Kazakhstan,Astana,103,147,192,238,301,336,336,294,230,136,100,94,2507,,
Asia,Mongolia,Ulaanbaatar,179.1,204.8,265.2,262.5,299.3,269,249.3,258.3,245.7,227.5,177.4,156.4,2791.5,,
Asia,North Korea,Pyongyang,184,197,231,237,263,229,181,204,222,214,165,165,2492,?,
Asia,Oman,Muscat,268.6,244.8,278.3,292.5,347.4,325.7,277.7,278.6,303.9,316.9,291.9,267,3493.3,,
Asia,Pakistan,Karachi,270.7,249.4,271.6,277.4,299.1,231.8,155,147.7,218.8,283.5,273.3,272,2950.3,?,
Asia,Pakistan,Lahore,218.8,215,245.8,276.6,308.3,269,227.5,234.9,265.6,290,259.6,222.9,3034,?,
Asia,Pakistan,Quetta,229.1,209.95,232.5,273,334.8,327,313.1,313.1,294,306.9,279,238.7,3341.25,,
Asia,Philippines,Manila,176.7,197.8,225.8,258,222.7,162,132.8,132.8,132,157.6,153,151.9,2103.1,?,
Asia,Russia,Dikson,0,22.6,127.1,237,189.1,141,223.2,139.5,60,24.8,0,0,1164.3,,
Asia,Russia,Irkutsk,93,149,207,223,266,264,243,218,182,152,93,62,2142,,
Asia,Russia,Omsk,68,125,184,235,284,319,321,248,180,105,71,61,2201,,
Asia,Russia,"Petropavlovsk-
Kamchatsky",105.4,115.8,176.7,192,192.2,192,170.5,176.7,177,158.1,123,93,1872.4,,
Asia,Russia,Vladivostok,178,184,216,192,199,130,122,149,197,205,168,156,2096,,
Asia,Russia,Yakutsk,18.6,98,232.5,273,303.8,333,347.2,272.8,174,105.4,60,9.3,2227.6,,
Asia,Saudi Arabia,Abha,266.6,265.6,294.5,282,288.3,276,232.5,238.7,273,291.4,273,266.6,3248.2,,
Asia,Saudi Arabia,Riyadh,212.4,226.6,219.8,242.3,287.7,328.2,332.1,309.2,271.6,311.4,269.2,214.3,3224.8,,
Asia,Singapore,Singapore,172.4,183.2,192.7,173.6,179.8,177.7,187.9,180.6,156.2,155.2,129.6,133.5,2022.4,?,
Asia,South Korea,Busan,199,182.5,193,210,221.7,179.7,165.8,200.9,167.2,208.9,194.4,204.3,2327.3,,
Asia,South Korea,Seoul,160.3,163.3,189,205,213,182,120,152.5,176.2,198.8,153.2,152.6,2066,,
Asia,Taiwan,Kaohsiung,174.7,165.8,187,189.1,198.5,199.9,221.4,193.7,175.7,182.4,162.2,161.8,2212.2,?,
Asia,Taiwan,Taichung,176.6,140.6,149.9,137.8,158.7,160.1,199.6,178.7,175.8,203.7,179.4,182.3,2043.2,?,
Asia,Taiwan,Taipei,80.6,71.3,89.6,92.6,113.7,121.7,179,188.9,153.7,124,99.4,90.7,1405.2,?,
Asia,Thailand,Bangkok,272.5,249.9,269,256.7,216.4,178,171.8,160.3,154.9,198.1,234.2,262,2623.8,,
Asia,Thailand,Chiang Mai,272.8,257.1,294.5,279,198.4,156,120.9,117.8,144,201.5,216,254.2,2512.2,,
Asia,Thailand,Hat Yai,182.9,166.7,186,144,114.7,111,114.7,114.7,108,111.6,105,108.5,1567.8,,
Asia,Thailand,Nakhon Ratchasima,226.3,211.9,201.5,186,155,114,117.8,117.8,108,145.7,186,226.3,1996.3,,
Asia,Turkey,Ankara,77.5,98.9,161.2,189,260.4,306,350.3,328.6,276,198.4,132,71.3,2449.6,?,
Asia,"United Arab
Emirates",Dubai,254.2,229.6,254.2,294,344.1,342,322.4,316.2,309,303.8,285,254.2,3508.7,?,
Asia,Uzbekistan,Tashkent,117.8,127.1,164.3,216,303.8,363,384.4,365.8,300,226.3,150,105.4,2823.9,,
Asia,Vietnam,Da Lat,255,234,255,202,190,147,157,136,133,140,172,215,2238,,
Asia,Vietnam,Da Nang,139,145,188,209,246,239,253,218,176,145,120,103,2182,,
Asia,Vietnam,Hanoi,74,47,47,90,183,172,195,174,176,167,137,124,1585,,
Asia,Vietnam,Ho Chi Minh City,245,246,272,239,195,171,180,172,162,182,200,226,2489,,
North America,Canada,Calgary,119.5,144.6,177.2,220.2,249.4,269.9,314.1,284,207,175.4,121.1,114,2396.3,,
North America,Canada,Churchill,79.7,117.7,177.8,198.2,197,243,281.7,225.9,112,58.1,55.3,53.1,1799.5,,
North America,Canada,Edmonton,100.8,121.7,176.3,244.2,279.9,285.9,307.5,282.3,192.7,170.8,98.4,84.5,2344.8,,
North America,Canada,Iqaluit,32.4,94,172.2,216.5,180.5,200.2,236.8,156.8,87.9,51.4,35.6,12.6,1476.8,,
North America,Canada,Montreal,101,128,164,178,229,240,272,246,182,144,84,84,2051,,
North America,Canada,Toronto,85.9,111.3,161,180,227.7,259.6,279.6,245.6,194.4,154.3,88.9,78.1,2066.4,,
North America,Canada,Vancouver,60.1,91,134.8,185,222.5,226.9,289.8,277.1,212.8,120.7,60.4,56.5,1937.6,,
North America,Canada,Whitehorse,43.8,105.5,163.2,238.5,251.1,266.7,247.6,226.5,132.7,84.9,39.8,26.8,1827.1,,
North America,Canada,Winnipeg,114.7,133.9,181.9,241.4,285.3,276.3,308.3,281.4,189,147.4,93.9,99.5,2352.9,,
North America,Honduras,La Ceiba,170.5,192.1,217,234,213.9,192,201.5,217,174,151.9,144,151.9,2259.8,,
North America,Mexico,La Paz,200,234,271,292,332,322,287,258,257,272,233,190,3148,,
North America,Mexico,Mexico City,240,234,268,232,225,183,176,176,157,194,232,236,2555,,
North America,Mexico,Monterrey,142,154,195,193,192,206,249,242,200,170,163,133,2239,,
North America,Mexico,Villahermosa,168,185,252,215,278,217,252,245,167,150,170,144,2443,,
North America,Nicaragua,Managua,263.5,254.2,291.4,276,229.4,186,151.9,195.3,210,223.2,231,248,2759.9,,
North America,Panama,Panama City,228.9,245.2,183.9,173.1,108.5,116.3,106.1,118.1,99.2,103.9,139.8,120.5,1743.5,,
North America,Puerto Rico,San Juan,237.4,231.2,282,268.3,255.2,259.4,280.8,267.8,234.7,227.2,202.4,217.4,2963.8,,
North America,El Salvador,San Salvador,301,277,294,243,220,174,239,257,180,211,267,294,2957,,
North America,"Saint Pierre
and Miquelon",Saint-Pierre,49.6,70.2,115.5,131.9,165.8,172.6,164.8,173.5,156.1,119,63,45.4,1427.3,,
North America,United States,Albuquerque,234.2,225.3,270.2,304.6,347.4,359.3,335,314.2,286.7,281.4,233.8,223.3,3415.4,?,
North America,United States,Anchorage,82.9,120.5,195.8,235.3,288.7,274.7,250.1,203.9,159.8,117.1,80.6,51.8,2061.2,?,
North America,United States,Atlanta,164,171.7,220.5,261.2,288.6,284.8,273.8,258.6,227.5,238.5,185.1,164,2738.3,?,
North America,United States,Austin,163.8,169.3,205.9,205.8,227.1,285.5,317.2,297.9,233.8,215.6,168.3,153.5,2643.7,?,
North America,United States,Baltimore,155.4,164,215,230.7,254.5,277.3,290.1,264.4,221.8,205.5,158.5,144.5,2581.7,?,
North America,United States,Boise,109.3,151.9,238.6,281.4,335.5,351.6,399.8,358.8,303.6,238.1,119.6,105.2,2993.4,?,
North America,United States,Boston,163.4,168.4,213.7,227.2,267.3,286.5,300.9,277.3,237.1,206.3,143.2,142.3,2633.6,?,
North America,United States,Charlotte,173.3,180.3,234.8,269.6,292.1,289.2,290,272.9,241.4,230.5,178.4,168.5,2821,?,
North America,United States,Chicago,135.8,136.2,187,215.3,281.9,311.4,318.4,283,226.6,193.2,113.3,106.3,2508.4,?,
North America,United States,Cleveland,101,122.3,167,216,263.6,294.6,307.2,262.2,219,169.5,89.8,67.8,2280,?,
North America,United States,Columbus,110.6,126.3,162,201.8,243.4,258.1,260.9,235.9,212,183.1,104.2,84.3,2182.6,?,
North America,United States,Dallas,183.5,178.3,227.7,236,258.4,297.8,332.4,304.5,246.2,228.1,183.8,173,2849.7,?,
North America,United States,Denver,215.3,211.1,255.6,276.2,290,315.3,325,306.4,272.3,249.2,194.3,195.9,3106.6,?,
North America,United States,Detroit,119.9,138.3,184.9,217,275.9,301.8,317,283.5,227.6,176,106.3,87.7,2435.9,?,
North America,United States,El Paso,254.5,263,326,348,384.7,384.1,360.2,335.4,304.1,298.6,257.6,246.3,3762.5,?,
North America,United States,Fresno,141.5,196.9,286.2,335.5,398.9,412.2,428.2,399.6,345.9,302.3,189.9,127.1,3564.2,?,
North America,United States,Honolulu,213.5,212.7,259.2,251.8,280.6,286.1,306.2,303.1,278.8,244,200.4,199.5,3035.9,?,
North America,United States,Houston,143.4,155,192.5,209.8,249.2,281.3,293.9,270.5,236.5,228.8,168.3,148.7,2577.9,?,
North America,United States,Indianapolis,132.1,145.7,178.3,214.8,264.7,287.2,295.2,273.7,232.6,196.6,117.1,102.4,2440.4,?,
North America,United States,Jacksonville,189.4,193.8,257.9,286.4,303.9,283.6,282,262.4,228.2,214.6,193.9,183.6,2879.7,?,
North America,United States,Kansas City,183.7,174.3,223.9,257.8,285,305.5,329.3,293.9,240.5,213.6,155.3,147.1,2809.9,?,
North America,United States,Las Vegas,245.2,246.7,314.6,346.1,388.1,401.7,390.9,368.5,337.1,304.4,246,236,3825.3,?,
North America,United States,Los Angeles,225.3,222.5,267,303.5,276.2,275.8,364.1,349.5,278.5,255.1,217.3,219.4,3254.2,?,
North America,United States,Louisville,140.5,148.9,188.6,221.1,263.4,288.9,293.6,272.6,234.3,208.5,135.7,118.3,2514.4,?,
North America,United States,Memphis,166.6,173.8,215.3,254.6,301.5,320.6,326.9,307,251.2,245.9,173,151.9,2888.3,?,
North America,United States,Miami,219.8,216.9,277.2,293.8,301.3,288.7,308.7,288.3,262.2,260.2,220.8,216.1,3154,?,
North America,United States,Milwaukee,140.2,151.5,185.4,213.5,275.5,304.5,321.1,281.2,215.1,178,112.8,104.8,2483.6,?,
North America,United States,Minneapolis,156.7,178.3,217.5,242.1,295.2,321.9,350.5,307.2,233.2,181,112.8,114.3,2710.7,?,
North America,United States,Nashville,139.6,145.2,191.3,231.5,261.8,277.7,279,262.1,226.4,216.8,148.1,130.6,2510.1,?,
North America,United States,New Orleans,153,161.5,219.4,251.9,278.9,274.3,257.1,251.9,228.7,242.6,171.8,157.8,2648.9,?,
North America,United States,New York City,162.7,163.1,212.5,225.6,256.6,257.3,268.2,268.2,219.3,211.2,151,139,2534.7,?,
North America,United States,Nome,62.2,140.1,205,245.3,290.3,275.3,250.3,178.1,153.6,116.7,66.4,53,2036.3,?,
North America,United States,"Oklahoma
City",200.8,189.7,244.2,271.3,295.2,326.1,356.6,329.3,263.7,245.1,186.5,180.9,3089.4,?,
North America,United States,Omaha,167.8,157.6,206.4,230.1,277.1,314,332.5,296.3,245.5,217.5,148,134.1,2726.9,?,
North America,United States,Philadelphia,155.7,154.7,202.8,217,245.1,271.2,275.6,260.1,219.3,204.5,154.7,137.7,2498.4,?,
North America,United States,Phoenix,256,257.2,318.4,353.6,401,407.8,378.5,360.8,328.6,308.9,256,244.8,3871.6,?,
North America,United States,Pittsburgh,93.9,108.5,155.4,182.8,217.4,242.2,254.9,228.4,196.7,167.3,99.4,74.4,2021.3,?,
North America,United States,Portland (OR),85.6,116.4,191.1,221.1,276.1,290.2,331.9,298.1,235.7,151.7,79.3,63.7,2340.9,?,
North America,United States,Raleigh,163.8,173.1,228.9,250.7,258.4,267.7,259.5,239.6,217.6,215.4,174,157.6,2606.3,?,
North America,United States,Richmond (VA),172.5,179.7,233.3,261.6,288,306.4,301.4,278.9,237.9,222.8,183.5,163,2829,?,
North America,United States,Sacramento,145.5,201.3,278,329.6,406.3,419.5,440.2,406.9,347.8,296.7,194.9,141.1,3607.8,?,
North America,United States,Salt Lake City,127.4,163.1,241.9,269.1,321.7,360.5,380.5,352.5,301.1,248.1,150.4,113.1,3029.4,?,
North America,United States,San Antonio,159.4,169.7,215.5,209.7,221.8,275.9,308.8,293.9,234.9,218,171.9,149.7,2629.2,?,
North America,United States,San Diego,239.3,227.4,261,276.2,250.5,242.4,304.7,295,253.3,243.4,230.1,231.3,3054.6,?,
North America,United States,San Francisco,185.9,207.7,269.1,309.3,325.1,311.4,313.3,287.4,271.4,247.1,173.4,160.6,3061.7,?,
North America,United States,Seattle,69.8,108.8,178.4,207.3,253.7,268.4,312,281.4,221.7,142.6,72.7,52.9,2169.7,?,
North America,United States,St. Louis,161.2,158.3,198.3,223.5,266.5,291.9,308.9,269.8,236.1,208.4,140.9,129.9,2593.7,?,
North America,United States,Tampa,199.9,202.7,267.5,299.1,314.5,277.8,265.3,249.5,223,233.9,201.7,191.6,2926.5,?,
North America,United States,Tucson,259.9,258.2,320.7,357.2,400.8,396.9,342.7,335.6,316.4,307.4,264.4,245.8,3806,?,
North America,United States,Tulsa,175.8,171.7,219.6,244.4,266.7,294.8,334.7,305.3,232.5,218.6,161.1,160.8,2786,?,
North America,United States,Virginia Beach,171.5,175.2,229.3,252.8,271.7,280.1,278.3,260.4,231.4,208.3,175.7,160.4,2695.1,?,
North America,United States,"Washington,
D.C.",144.6,151.8,204,228.2,260.5,283.2,280.5,263.1,225,203.6,150.2,133,2527.7,?,
North America,United States,Wichita,190.9,186.4,230.4,257.8,289.8,305,342.1,309.2,245.6,226.3,170.2,168.7,2922.4,?,
North America,United States,Yuma,268.4,270.8,335.5,365.5,407.4,415.4,392.6,375.6,341.7,319.6,270.1,252.7,4015.3,,
Europe,Albania,Tirana,124,125,165,191,263,298,354,327,264,218,127,88,2544,,
Europe,Armenia,Yerevan,93,108,162,177,242,297,343,332,278,212,138,92,2474,,
Europe,Austria,Vienna,66,106,128,183,239,228,260,251,168,139,66,51,1884,,
Europe,Belarus,Minsk,34,72,133,185,270,267,271,251,154,103,39,28,1807,,
Europe,Belgium,Brussels,59,77,114,159,191,188,201,190,143,113,66,45,1546,,
Europe,Bosnia and Herzegovina,Sarajevo,57,84,126,152,192,207,256,238,187,149,81,41,1769,,
Europe,Bulgaria,Sofia,88,114,160,182,230,258,302,288,220,164,106,66,2177,,
Europe,Croatia,Zagreb,59,96,140,175,234,244,281,256,187,131,66,45,1913,,
Europe,Croatia,Split,133,153,186,210,273,306,347,320,246,192,135,130,2631,,
Europe,Czech Republic,Prague,50,72,125,168,214,218,226,212,161,121,54,47,1668,,
Europe,Cyprus,Nicosia,182.9,200.1,238.7,267,331.7,369,387.5,365.8,312,275.9,213,170.5,3314.1,,
Europe,Denmark,Aarhus,54,72,148,213,260,251,242,211,161,101,60,49,1821,,
Europe,Denmark,Copenhagen,56,83,152,226,271,260,246,231,175,107,60,45,1912,,
Europe,Denmark,Rønne,43,76,152,247,311,315,282,252,192,104,53,37,2063,,
Europe,Estonia,Tallinn,30,59,148,217,306,294,312,256,162,88,29,20,1923,,
Europe,Estonia,Vilsandi,37,69,150,226,316,314,330,271,176,100,38,24,2066,,
Europe,Faroe Islands,Tórshavn,14,36,71,106,124,125,111,98,80,49,20,6,840,,
Europe,Finland,Helsinki,38,70,138,194,284,297,291,238,150,93,36,29,1858,,
Europe,France,Lyon,74,101,170,191,221,254,283,253,195,130,76,54,2002,,
Europe,France,Marseille,150,156,215,245,293,326,366,327,254,205,156,143,2836,,
Europe,France,Paris,63,79,129,166,194,202,212,212,168,118,68,51,1662,,
Europe,Georgia,Tbilisi,99,102,142,171,213,249,256,248,206,164,103,93,2046,,
Europe,Germany,Berlin,47,74,121,159,220,222,217,211,156,112,51,37,1626,,
Europe,Germany,Frankfurt,50,80,121,178,211,219,233,219,156,103,51,41,1662,,
Europe,Greece,Athens,130,134,183,231,291,336,363,341,276,208,153,127,2773,,
Europe,Hungary,Budapest,62,93,137,177,234,250,271,255,187,141,69,52,1988,,
Europe,Iceland,Reykjavik,20,60,109,164,201,174,168,155,120,93,41,22,1326,,
Europe,Ireland,Dublin,59,75,109,160,195,179,164,157,129,103,71,53,1453,,
Europe,Italy,Cagliari,150,163,209,218,270,311,342,321,243,209,150,127,2726,,
Europe,Italy,Milan,59,96,152,177,211,243,285,251,186,130,66,59,1915,,
Europe,Italy,Naples,115,128,158,189,245,279,313,295,234,189,126,105,2375,,
Europe,Italy,Rome,121,133,167,201,264,285,332,298,237,195,129,112,2473,,
Europe,Latvia,Riga,31,62,127,183,264,288,264,229,153,93,39,22,1754,,
Europe,Lithuania,Vilnius,32,57,121,179,252,246,260,237,154,95,35,23,1691,,
Europe,Luxembourg,Luxembourg City,43,82,118,165,208,210,232.5,208,159,108.5,57,43,1634,?,
Europe,Malta,Valletta,169,178,227,254,310,337,377,352,270,224,195,161,3054,,
Europe,Moldova,Chi?in?u,75,80,125,187,254,283,299,295,226,169,75,58,2126,,
Europe,Monaco,Monaco,149.8,158.9,185.5,210,248.1,281.1,329.3,296.7,224.7,199,155.2,136.5,2575,?,
Europe,Montenegro,Podgorica,123,126,170,194,251,276,340,314,252,201,126,109,2481,,
Europe,Netherlands,Amsterdam,63,88,126,183,222,206,217,197,139,109,62,51,1662,,
Europe,North Macedonia,Skopje,87,113,161,198,245,276,323,305,248,188,115,80,2339,,
Europe,Norway,Bergen,19,56,94,147,186,189,167,144,86,60,27,12,1187,,
Europe,Norway,Oslo,40,76,126,178,220,250,246,216,144,86,51,35,1668,,
Europe,Norway,Tromsø,3,32,112,160,218,221,205,167,92,49,6,0,1265,,
Europe,Poland,Warsaw,43,59,115,150,211,237,226,214,153,99,39,25,1571,,
Europe,Portugal,Faro,172,165,234,251,314,332,368,352,273,226,182,167,3036,,
Europe,Portugal,Lisbon,143,157,208,234,291,303,353,344,261,214,156,143,2806,,
Europe,Portugal,Porto,124,129,192,217,258,274,308,295,224,184,139,124,2468,,
Europe,Romania,Bucharest,71,85,140,186,245,267,288,282,225,177,87,62,2115,,
Europe,Russia,Moscow,37,65,142,213,274,299,323,242,171,88,33,14,1901,,
Europe,Russia,Sochi,96,107,146,162,220,258,279,282,225,195,120,87,2178,,
Europe,Serbia,Belgrade,72,102,153,188,242,261,291,274,204,163,97,65,2112,,
Europe,Serbia,Niš,65,93,148,171,221,251,287,274,202,151,86,49,1998,,
Europe,Slovakia,Bratislava,65,82,152,204,264,270,276,270,207,143,60,47,2038,,
Europe,Slovenia,Ljubljana,71,114,149,178,235,246,293,264,183,120,66,56,1974,,
Europe,Spain,Barcelona,158,171,206,239,258,287,293,264,229,196,153,137,2591,,
Europe,Spain,Cádiz,184,197,228,255,307,331,354,335,252,228,187,166,3024,,
Europe,Spain,Madrid,148,157,214,231,272,310,359,335,261,198,157,124,2769,,
Europe,Spain,Seville,183,189,224,238,293,317,354,328,244,217,181,154,2921,,
Europe,Spain,Valencia,171,171,215,234,259,276,315,288,235,202,167,155,2696,,
Europe,Sweden,Gothenburg,44,69,167,211,239,256,234,196,168,99,47,32,1762,,
Europe,Sweden,Stockholm,40,72,139,185,254,292,260,221,154,99,54,33,1803,,
Europe,Switzerland,Zurich,48,77,125,159,186,204,230,208,151,93,50,35,1566,,
Europe,Switzerland,Geneva,61,96,161,187,212,246,269,242,184,116,65,48,1887,,
Europe,Switzerland,Sion,93,131,188,210,229,254,271,250,208,160,96,68,2158,,
Europe,Switzerland,Lugano,124,142,192,182,200,229,260,245,192,141,105,107,2120,,
Europe,Turkey,Istanbul,71,88,133,180,251,300,322,295,243,164,102,68,2218,,
Europe,Ukraine,Kyiv,31,57,124,180,279,270,310,248,210,155,60,31,1955,,
Europe,United Kingdom,Edinburgh,54,79,115,145,188,166,172,162,129,101,71,46,1427,,
Europe,United Kingdom,London,62,78,115,169,199,204,212,205,149,117,73,52,1633,,
Oceania,Australia,Adelaide,325.5,285.3,266.6,219,167.4,138,148.8,186,204,257.3,273,294.5,2765.4,?,
Oceania,Australia,Alice Springs,306,276.8,300.7,285,263.5,252,282.1,306.9,300,313.1,303,310,3499.1,?,
Oceania,Australia,Brisbane,263.5,223.2,232.5,234,235.6,198,238.7,266.6,270,275.9,270,265.4,2968.4,?,
Oceania,Australia,Canberra,294.5,254.3,251.1,219,186,156,179.8,217,231,266.6,267,291.4,2813.7,?,
Oceania,Australia,Darwin,176.7,162.4,210.8,261,297.6,297,313.1,319.3,297,291.4,252,213.9,3092.2,?,
Oceania,Australia,Hobart,257.3,226,210.8,177,148.8,132,151.9,179.8,195.3,232.5,234,248,2393.1,,
Oceania,Australia,Melbourne,266.6,228.8,223.2,186,142.6,120,136.4,164.3,183,223.2,225,263.5,2362.6,?,
Oceania,Australia,Perth,356.5,314.9,295.5,246,211.7,180.6,188.4,219.8,232.4,299.8,320.4,359.4,3229.5,?,
Oceania,Australia,Sydney,220.1,189.3,198.4,192,182.9,165,198.4,213,223.2,216,241.8,228,2468.1,,
Oceania,Fiji,Suva,192.2,178,170.5,153,145.7,141,136.4,142.6,135,164.3,168,195.3,1922,,
Oceania,New Zealand,Auckland,228.8,194.9,189.2,157.3,139.8,110.3,128.1,142.9,148.6,178.1,188.1,197.2,2003.1,?,
Oceania,New Zealand,Christchurch,224.4,190.5,177.4,155.6,133.3,117.7,124.8,149,166.6,201.3,215.3,214.3,2070.2,?,
Oceania,New Zealand,Wellington,240.3,205,194.7,153.8,126,102.3,111.4,137.2,163.2,191.1,210.8,222.9,2058.7,?,
Oceania,New Zealand,Dunedin,179.6,158,146.1,125.9,108.4,95.3,110.6,122.2,136.8,165.5,166.9,168.3,1683.7,,
Oceania,Papua New Guinea,Port Moresby,182,158,184,200,211,200,203,222,213,231,243,216,2463,,
Oceania,Solomon Islands,Honiara,186,155.4,198.4,192,210.8,198,186,204.6,192,226.3,216,164.3,2330,,
South Central America,Argentina,Buenos Aires,279,240.8,229,220,173.6,132,142.6,173.6,189,227,252,266.6,2525.2,?,
South Central America,Argentina,Córdoba,257.3,229.6,204.6,189,170.5,150,170.5,204.6,213,238.7,255,251.1,2533.9,,
South Central America,Argentina,La Plata,251.1,229.6,210.8,186,155,120,127.1,161.2,171,207.7,225,238.7,2283.2,,
South Central America,Argentina,Mendoza,297.6,257.6,235.6,219,195.3,168,182.9,229.4,225,282.1,294,285.2,2871.7,?,
South Central America,Argentina,Salta,164.3,134.4,105.4,117,136.4,120,173.6,195.3,162,182.9,171,164.3,1826.6,?,
South Central America,Argentina,Ushuaia,180.2,150.4,124.9,92.7,78,50.3,35,58.3,87.6,113,140,170.8,1281.2,?,
South Central America,Bolivia,La Paz,182.9,152.6,148.8,165,222.7,240,235.6,217,189,179.8,171,186,2288.9,?,
South Central America,Brazil,Belém,130.3,103.1,111.1,132.8,186.7,228.7,250.8,266.4,242.4,231.8,191.7,159.1,2234.9,,
South Central America,Brazil,Belo Horizonte,176,190.8,194.9,210.7,221.2,229.9,240.5,241.5,202.5,196.5,166.9,153.3,2424.7,,
South Central America,Brazil,Brasília,150.9,158.9,166.5,204.6,239.5,254.3,268.9,264.4,210.5,183.1,139.9,126.8,2368.3,,
South Central America,Brazil,Curitiba,160.5,151.3,163.1,155.5,148.8,141.3,162.1,173,124.3,136.7,163.5,164.7,1844.8,,
South Central America,Brazil,Fortaleza,222,181.2,157,147.1,201.3,215.5,259.4,288.3,284.4,294.1,288.5,265.4,2804.2,,
South Central America,Brazil,Manaus,112.7,93.4,95.8,107.3,144.2,186.8,218.5,215.7,183.8,158.1,140,118.5,1774.8,,
South Central America,Brazil,Porto Alegre,227.2,195.2,202.4,166,146.9,115.6,131.4,145.3,145.8,178,215.2,232.4,2101.4,,
South Central America,Brazil,Rio de Janeiro,194.3,199.8,189.3,194,190,202.1,196,199.7,135.7,156,163.7,166.7,2187.3,,
South Central America,Brazil,Recife,233,210.5,227.6,198.3,186,161.1,175.2,195.2,215.6,242.6,245.4,246,2536.5,,
South Central America,Brazil,Salvador,246.9,215,227.2,194.1,165.8,147.8,169.1,189.1,211.4,235.5,210.9,230.2,2443,,
South Central America,Brazil,São Paulo,139.1,153.5,161.6,169.3,167.6,160,169,173.1,144.5,157.9,152.8,145.1,1893.5,,
South Central America,Chile,Antofagasta,319.3,291,294.5,252,229.4,207,204.6,213.9,219,260.4,276,310,3077.1,?,
South Central America,Chile,Calama,353.4,305.1,319.3,312,306.9,297,310,316.2,321,356.5,363,365.8,3926.2,,
South Central America,Chile,Concepción,341,278,255,191,133,114,129,162,197,254,296,331,2681,?,
South Central America,Chile,Santiago,362.7,302.3,272.8,201,155,120,145.7,161.2,186,248,306,347.2,2807.9,?,
South Central America,Chile,Valdivia,257.3,228.8,204.6,123,68.2,45,65.1,89.9,111,127.1,189,207.7,1716.7,?,
South Central America,Colombia,Barranquilla,283,245,241,211,187,194,217,208,166,167,191,252,2561,?,
South Central America,Colombia,Bogotá,156,128,107,88,83,94,114,117,109,96,103,138,1328,?,
South Central America,Colombia,Cali,183,155.8,166.5,139,147.1,153.1,189.9,175.1,157.4,151.1,153.8,170.1,1941.9,,
South Central America,Colombia,Medellín,175.5,149,154.2,127.9,138.9,173,203.2,191.6,153.4,132.9,136.4,156.2,1892.2,,
South Central America,Ecuador,Guayaquil,102.3,101.7,139.5,150,167.4,123,127.1,133.3,144,136.4,120,136.4,1581.1,?,
South Central America,Ecuador,Quito,197,140,122,136,164,189,249,256,196,177,197,215,2238,?,
South Central America,Falkland Islands,Stanley,198,161,169,115,77,57,69,90,128,189,200,198,1651,?,
South Central America,French Guiana,Cayenne,94.3,89.9,119,118.1,118.8,148.6,196.5,229.8,255.2,251.1,217.3,137.5,1976,?,
South Central America,Guyana,Georgetown,201,208.6,219.7,197.9,178.8,156.7,201.6,233.7,229.8,235.3,210.9,186.6,2460.6,?,
South Central America,Paraguay,Asunción,276,246,254,228,205,165,195,223,204,242,270,295,2803,?,
South Central America,Peru,Arequipa,223.2,189.3,244.9,294,288.3,291,291.4,310,297,303.8,309,291.4,3333.3,?,
South Central America,Peru,Lima,179.1,169,139.2,184,116.4,50.6,28.6,32.3,37.3,65.3,89,139.2,1230,?,
South Central America,Uruguay,Montevideo,294.9,230.6,222.8,179.6,164.2,129.7,139.7,164.4,182.3,239,248.9,285.3,2481.4,?,
South Central America,Venezuela,Caracas,229.4,217.5,235.6,183,182.9,183,210.8,217,213,210.8,210,213.9,2506.9,?,
South Central America,Venezuela,Maracaibo,300,279,286,257,243,253,301,279,272.5,283,258,273,3284.2,?,
South Central America,Venezuela,Ciudad Bolivar,248,235.2,263.5,234,226.3,201,232.5,248,252,260.4,249,244.9,2894.8,,
